Algorithm,Mean,StdDev,Rank
TEAO,8.289665250534502e-16,2.903278165991014e-15,1.0
IAO,0.018382797706708868,0.012695703836530835,2.0
Modified,0.05364817309469957,0.04273791432656024,3.0
Aquila,0.12042726694963156,0.25188288149555493,4.0
EHAOMPA,0.12207083977585934,0.1994612282010901,5.0
RAO,0.35871687139826647,1.2794156601492792,6.0
